{
    "redes": {
        "YouTube": 0.19391621,
        "Facebook": 0.175429803,
        "Instagram": 0.132825422,
        "TikTok": 0.203498572,
        "LinkedIn": 0.105257882,        
        "Messenger": 0.0977394617, 
        "Snapchat": 0.0293218385,
        "Reddit": 0.0335321538,
        "X": 0.0284196281
    } 
}